{"cameraMode":{"drawMode":0,"name":"Shaded","section":"Shading Mode"},"sceneLighting":true,"audioPlay":false,"sceneViewState":{"showFog":true,"showMaterialUpdate":false,"showSkybox":true,"showFlares":true,"showImageEffects":true,"showParticleSystems":true,"showVisualEffectGraphs":true,"m_FxEnabled":true},"in2DMode":false,"pivot":{"x":-7.038638591766357,"y":1.4657036066055298,"z":24.815629959106447},"rotation":{"x":0.04207643121480942,"y":-0.1017366424202919,"z":0.004310416057705879,"w":0.9939154386520386},"size":15.729242324829102,"orthographic":false}