{"cameraMode":{"drawMode":0,"name":"Shaded","section":"Shading Mode"},"sceneLighting":true,"audioPlay":false,"sceneViewState":{"showFog":true,"showMaterialUpdate":false,"showSkybox":true,"showFlares":true,"showImageEffects":true,"showParticleSystems":true,"showVisualEffectGraphs":true,"m_FxEnabled":true},"in2DMode":false,"pivot":{"x":4.508291244506836,"y":-3.2161569595336916,"z":14.805187225341797},"rotation":{"x":0.21775664389133454,"y":0.15298761427402497,"z":-0.03457960858941078,"w":0.963327169418335},"size":15.729242324829102,"orthographic":false}